{
    "False": {
        "precision": 0.9347319347319347,
        "recall": 0.9674306393244874,
        "f1-score": 0.950800237107291,
        "support": 1658.0
    },
    "True": {
        "precision": 0.7272727272727273,
        "recall": 0.5625,
        "f1-score": 0.6343612334801763,
        "support": 256.0
    },
    "accuracy": 0.9132706374085684,
    "macro avg": {
        "precision": 0.831002331002331,
        "recall": 0.7649653196622437,
        "f1-score": 0.7925807352937336,
        "support": 1914.0
    },
    "weighted avg": {
        "precision": 0.9069839947582895,
        "recall": 0.9132706374085684,
        "f1-score": 0.9084761070505819,
        "support": 1914.0
    }
}